Words,Sadness,Anxiety,Anger,Disgust,Trust,Surprise,Joy
アーティスト,0.4644,0.05,0.0,0.0,0.05,0.1585,2.2203
アイドル,0.7018,0.0417,0.1321,0.0417,0.0,0.875,0.875
あおり,0.0,0.0,2.7348,0.4644,0.0,0.1585,0.0
あった,0.5881,0.2727,0.5322,0.6452,0.372,1.0701,0.424
あって,0.1509,0.0,0.2857,0.1509,1.6473,0.1509,0.1509
あと,0.5805,0.5805,0.0,0.1981,0.1981,0.375,0.0625
アドバイス,0.0,0.0455,0.0,0.1441,3.7326,0.0,0.0
アニメ,0.0769,0.0769,0.0,0.0769,0.0,0.4615,1.6154
あまり,0.2444,0.2444,0.2444,0.4433,0.2444,1.3025,0.1579
あり,0.4615,0.6317,0.3033,0.7655,1.3415,0.6757,0.23
ある,0.1393,1.0669,0.3895,0.7819,1.8747,0.6124,0.1643
アルバイト,0.0,0.5,0.2642,1.0771,0.0833,0.0,0.0833
アンケート,0.0909,0.0909,0.0909,0.0909,0.0,0.5455,0.8443
い,1.0999,0.5635,0.0704,0.4667,0.3743,0.2064,0.2872
いい,0.2393,0.4696,0.172,0.7303,0.7303,0.3889,0.4696
いう,0.3976,0.8148,0.3436,0.5689,0.5689,0.9439,0.1936
いか,1.2076,1.0,0.6155,0.0476,0.0,0.0,0.0
いきなり,0.1865,0.0,0.9908,0.3529,0.0,0.9908,0.0
いく,0.0,3.4185,0.0,0.0,0.0,0.0625,0.0625
いくら,0.0909,0.0,1.5313,0.0909,0.0909,0.2882,0.0
いけない,0.1865,0.7603,0.1865,0.3529,0.3529,0.1865,0.0
いじめ,0.8021,0.0,1.4237,0.8021,0.0,0.0,0.0
いた,0.2132,0.0,0.6924,2.7127,0.1176,0.7595,0.0
いつ,0.0435,3.5703,0.0,0.0,0.0435,0.0,0.1378
いった,0.0,0.0833,0.0,0.2642,0.0833,0.2642,1.4037
いって,0.0714,0.2264,0.0714,0.0714,0.0,0.2264,1.5
いつも,0.2442,0.1503,0.3476,0.4023,2.8098,0.1503,0.1959
いて,0.0,0.1057,0.9966,1.3145,0.3096,0.1057,0.1057
イベント,0.2642,0.0,0.0833,0.0,0.0,0.2642,1.75
イモトアヤコ,0.0,0.0,0.0,0.0,0.0667,3.6464,0.0
イライラ,0.0714,0.0714,2.8168,0.0714,0.0,0.0,0.0
いる,0.0668,0.2489,0.7587,2.1943,1.0237,0.2489,0.2489
いろいろ,0.0,0.0714,0.0,0.0714,1.2032,0.4286,0.4286
インフルエンザ,1.1026,0.913,0.0,0.0435,0.1378,0.5619,0.0
うち,0.0,0.6634,0.4286,0.0714,0.6634,0.0714,0.0714
うまく,0.4108,2.4273,0.2265,0.0,0.2265,0.0,0.3152
うるさい,0.0667,0.0,1.4,1.4,0.0,0.0,0.0
エリカ,0.0689,0.0,0.0217,0.281,0.0,4.077,0.0689
オークション,0.2264,0.0,0.4286,0.0714,0.6634,0.0714,0.4286
おじさん,0.4286,0.0,0.2264,1.8114,0.0,0.0714,0.0
おばさん,0.1865,0.0,0.7603,1.7587,0.0,0.0588,0.0
お腹,0.2642,1.4037,0.0,0.2642,0.0833,0.0,0.0833
カード,0.1509,0.8021,1.0,0.0476,0.0,0.6155,0.0
かかった,0.774,0.774,0.2642,0.0833,0.0,0.0833,0.0
かかって,0.2882,0.0909,0.5455,0.0,0.0909,0.5455,0.0909
かけて,0.0991,0.0,0.6562,0.4039,1.2323,0.1875,0.2902
かなり,0.2222,0.4787,0.4787,0.037,0.2222,1.1073,0.037
カラオケ,0.0,0.0,0.0,0.0476,0.0,0.0476,3.9103
がん,0.8617,0.4,0.0,0.0,0.0667,1.1229,0.0
ガン,1.6431,0.387,0.0,0.0,0.0,1.2457,0.0
きた,0.3529,0.3529,0.1865,0.5463,0.0588,0.3529,0.0588
きちんと,0.0,0.1509,0.1509,0.1509,2.6046,0.0476,0.0
キャラ,0.0909,0.0909,0.0909,0.2882,0.2882,0.5455,0.0909
キャンセル,1.2032,0.0714,0.9232,0.0714,0.0,0.0714,0.0
キャンプ,0.0,0.0,0.0,0.0,0.0,0.0,3.585
クラウドソーシング,0.5,0.0,1.0771,0.0,0.0,0.0,0.774
グループ,0.5455,0.0909,0.0,0.2882,0.5455,0.2882,0.0
くれた,0.0,0.0,0.0,0.0,3.6333,0.0556,0.0556
ゲーム,0.0789,0.0417,0.1701,0.1701,0.0132,0.1222,4.2979
ゴキブリ,0.0769,0.0,0.0,3.0334,0.0,0.0769,0.0
こと,1.4111,0.7371,1.2969,0.818,1.0829,1.4605,1.2107
こども,0.0,0.0,0.774,0.0,0.0,1.0771,0.5
このまま,0.0,3.75,0.0,0.0625,0.0,0.0,0.0
この先,0.0,4.1466,0.0,0.0,0.1321,0.0,0.0
ゴミ,0.0961,0.0,1.9818,1.3456,0.0303,0.0961,0.0
ゴルフ,0.0526,0.0526,0.0,0.0,0.0,0.0,3.731
コンサート,0.0667,0.0667,0.0,0.0,0.0667,0.0667,2.629
コンビニ,0.0476,0.1509,1.0,1.4237,0.0,0.1509,0.0
ご飯,0.24,0.0,0.3715,0.0,0.24,0.3715,1.5774
さ,1.1298,0.4651,2.323,0.8053,0.4471,0.6124,0.1812
サイト,0.0476,0.0,0.4423,0.4423,0.2857,0.4423,0.6155
サッカー,0.1585,0.05,0.1585,0.0,0.3,0.6462,1.05
サプライズ,0.0714,0.0,0.0,0.0,0.0,3.1718,0.0714
サポート,0.0417,0.0417,0.0417,0.0417,3.6603,0.0,0.0
さらに,0.0833,0.0,0.774,0.2642,0.0833,0.5,0.0833
し,0.6458,0.5408,1.3913,1.0068,0.6995,0.5408,0.3902
した,1.8569,0.4646,0.7882,0.5589,0.7436,1.2048,1.1455
したら,0.2534,0.1821,0.5862,0.1176,1.1765,0.9705,0.0622
したり,0.1865,0.0,0.1865,0.0588,0.1865,0.3529,1.2353
しっかり,0.0,0.0,0.0625,0.0,2.7753,0.1981,0.0625
して,0.8684,0.6487,0.9773,0.9857,2.0771,0.8684,0.8353
しよう,0.5385,1.2457,0.25,0.25,0.0417,0.1321,0.0417
ショッピング,0.3333,0.0,0.1761,0.0,0.0,0.9358,1.1667
しれ,0.1761,1.1667,0.3333,0.3333,0.0556,0.0556,0.0556
す,0.0,0.0909,0.2882,0.0909,0.8443,0.0909,0.2882
スーパー,0.066,0.0,0.7207,1.4768,0.2693,1.0312,0.0208
すぐ,0.3828,0.2111,0.1364,0.3828,1.7378,0.2111,0.1364
すごく,0.6192,0.0667,0.2113,0.2113,0.0,0.4,0.4
ずっと,0.4169,0.4169,0.2996,0.5434,0.6774,0.1935,0.0323
スポーツ,0.0556,0.0,0.0556,0.0556,0.0556,0.718,1.661
スマホ,0.5693,0.1657,0.8385,0.7692,0.4435,0.7012,0.216
する,0.2876,0.8815,1.3765,1.3988,0.6587,0.504,0.6587
せ,0.25,0.0417,1.4414,0.875,0.0,0.25,0.0
せい,0.3529,0.1865,0.9908,0.7603,0.0588,0.0,0.0
センター,0.2882,0.0909,0.0909,0.0,0.2882,0.0909,0.8443
その後,0.2882,0.0909,0.8443,0.0,0.0909,0.5455,0.0
たくさん,0.0,0.1441,0.0455,0.1441,0.2727,0.7656,1.1527
タスク,0.8443,0.2882,0.0909,0.0909,0.0909,0.2882,0.0
タバコ,0.0244,0.0,0.9618,3.1658,0.0244,0.0244,0.0
ため,1.2155,0.5635,0.2064,0.3743,0.3743,0.2064,0.1333
チーム,0.5264,0.0,0.4039,0.0312,1.0811,0.4039,0.4039
ちえ,1.05,0.0,0.0,0.0,0.0,2.4748,0.0
チケット,0.7656,0.2727,0.2727,0.1441,0.0455,0.4222,0.2727
ちゃんと,0.0,0.9908,0.1865,0.0588,1.2353,0.0,0.0588
ついた,0.8021,0.1509,0.1509,0.4423,0.0476,0.6155,0.0476
ついて,0.3381,1.486,0.3986,0.5258,1.0195,0.1238,0.0133
つか,0.1585,0.05,0.3,0.4644,1.268,0.1585,0.0
つく,0.0,0.2438,0.7144,0.9942,0.0,0.2438,0.0
でき,1.0215,0.8243,0.5163,0.636,0.4585,0.2442,0.1503
できた,0.1548,0.0528,0.0167,0.0,0.9116,0.6572,2.2671
できて,0.387,0.387,0.0417,0.1321,0.1321,0.25,1.0566
できる,0.0094,1.2245,0.0094,0.0299,2.7427,0.1981,0.6688
テスト,0.9232,0.9232,0.0714,0.0714,0.0714,0.0714,0.0
テニス,0.0,0.0,0.0,0.0,0.0,0.4615,2.6611
テレビ,0.4211,0.0446,0.2372,0.8451,0.0446,0.3572,2.0042
テロ,0.0667,0.0,0.8617,1.9932,0.0,0.0,0.0
トイレ,0.1667,0.4679,0.0881,1.9691,0.1667,0.258,0.0278
とき,0.5065,0.5486,0.6346,0.7897,1.115,0.3446,1.6575
とくに,0.3801,0.0294,0.2732,0.2732,0.8793,1.0175,0.0294
ところ,0.4286,0.1895,0.6102,0.5175,0.6102,0.6102,0.1224
とても,0.5639,0.5103,0.2614,0.0957,0.9056,0.5103,1.2115
ドライバー,0.0,0.0909,1.175,1.175,0.0,0.0,0.0
ドライブ,0.0,0.0,0.0435,0.0,0.0435,0.0435,3.8194
トラブル,0.0,0.2642,0.5,0.2642,1.0771,0.0,0.0
ドラマ,0.4954,0.0,0.0,0.1765,0.0,0.2732,2.7544
な,0.0,0.0909,0.8443,0.8443,0.0,0.2882,0.0
ない,0.3475,0.5573,0.9483,1.4929,1.0679,1.0335,0.6518
なかった,0.5615,0.3096,0.7,0.0333,0.2,0.7,0.1057
なかなか,0.6795,1.7378,0.6795,0.072,0.1364,0.0,0.1364
なく,0.216,0.4884,0.4884,0.3006,0.8045,0.3006,0.3006
なくて,0.8078,1.0528,0.375,0.0,0.1981,0.0,0.0
なくなった,2.7372,0.4308,0.3096,0.0,0.0333,0.0333,0.0
なし,0.377,0.2073,0.6504,1.1872,1.5228,1.5228,0.8185
なぜ,0.2642,0.0,1.0771,0.5,0.0833,0.0833,0.0
なった,1.8971,1.0282,0.2512,0.1904,0.4166,0.9467,0.1338
なって,1.3293,0.7622,0.5322,0.139,0.5881,0.5322,0.139
なら,0.2814,1.195,0.906,0.2814,0.0303,0.1818,0.0303
なり,1.3333,1.4533,0.2872,0.2064,0.0704,0.0704,0.0222
なる,0.1959,2.65,0.1503,0.2949,0.5755,0.1959,0.1959
に,0.1981,0.0,1.0528,1.3125,0.0625,0.0,0.0
ニュース,0.7782,0.2941,1.4192,1.5093,0.021,0.9843,0.0
ネコ,0.4286,0.0,0.0,0.4286,0.0714,0.2264,0.9232
ネット,0.2439,0.5641,0.4785,0.5641,0.0598,0.5641,0.744
の,0.7547,0.3835,0.8287,1.0831,0.4273,0.8287,1.0831
パートナー,0.0,0.0,0.0625,0.0,3.4185,0.0,0.0625
バイク,0.6155,0.1509,0.4423,0.2857,0.0,0.0476,0.8021
バイト,0.1093,0.0,1.1929,1.8861,0.0345,0.0345,0.0345
バス,0.0,0.0,0.8865,0.4888,0.1668,0.4888,0.3158
パソコン,0.4423,0.1509,0.1509,0.2857,0.4423,0.1509,0.4423
パチンコ,0.4286,0.0,0.0,0.0714,0.0,0.0,2.471
バレンタイン,0.0833,0.0833,0.0833,0.0,0.0833,1.0771,0.5
パワハラ,0.3203,0.1093,1.1929,1.3598,0.0,0.1093,0.0
バンド,0.5,0.0,0.0,0.0,0.2642,0.2642,1.0771
ひいて,0.0909,0.2882,0.2882,0.5455,0.2882,0.0909,0.0
びっくり,0.0556,0.0,0.0556,0.0,0.0,3.6333,0.0
ひと,0.04,0.24,0.1268,0.84,0.517,0.3715,0.24
ひどい,0.2882,0.2882,0.2882,0.8443,0.0,0.0909,0.0
フォロー,0.0,0.0,0.0,0.0833,3.2862,0.0,0.0
プレゼント,0.0312,0.0312,0.0312,0.0,1.3877,1.7093,0.1875
ペット,4.484,0.0123,0.1147,0.0391,0.0741,0.0741,0.2593
ボーナス,0.7656,0.7656,0.2727,0.0,0.1441,0.4222,0.0455
ポイ,0.0714,0.0,1.2032,1.5,0.0,0.0,0.0
ポイント,0.7044,0.1667,0.1667,0.0278,0.0278,1.0954,0.8305
ほしい,0.1509,0.4423,0.4423,0.4423,0.8021,0.0,0.0476
ほど,1.0771,0.0833,0.0833,0.5,0.0,0.0833,0.0833
ボランティア,0.0909,0.0,0.0,0.8443,0.8443,0.2882,0.0
まだ,0.6016,0.6016,0.1132,0.0,0.4616,0.9057,0.0357
マナー,0.0196,0.0,2.5451,1.9513,0.0,0.0196,0.0
ママ,0.1865,0.0,0.0588,0.1865,0.7603,0.0588,0.9908
マンション,0.0588,0.0,1.4917,0.3529,0.1865,0.3529,0.0
み,0.2882,0.0,0.0,0.0,0.0,1.9091,0.2882
ミス,1.0378,0.7868,0.9104,0.0263,0.4433,0.0,0.0263
みた,0.2857,0.0476,0.0476,1.6473,0.2857,0.1509,0.0476
みて,0.4423,0.0476,0.1509,0.1509,0.6155,0.0,1.0
みんな,0.0556,0.0556,0.0556,0.0556,0.516,0.0556,1.661
メール,0.4644,0.05,0.1585,0.1585,1.9717,0.0,0.0
メンバー,0.3333,0.0,0.1761,0.1761,1.4089,0.1761,0.0556
もう,0.2222,0.344,0.037,0.6239,0.1174,0.6239,0.4787
もの,0.6742,0.2614,0.4578,0.5639,0.5103,0.5103,0.9654
もらえる,0.0909,1.9091,0.0,0.2882,0.0,0.0,0.0909
もらった,0.0625,0.0,0.0625,0.0,0.5805,1.8686,0.0625
やつ,0.0625,0.0,1.3125,1.585,0.0,0.0,0.0
やって,0.0,0.3509,1.0312,0.3509,1.25,0.066,0.3509
やはり,0.1585,0.05,0.0,0.3,1.9717,0.05,0.1585
やり,0.0435,0.4038,0.913,0.4038,0.0435,0.2609,0.2609
やる,0.0526,0.0526,0.8865,0.6803,0.3158,0.0526,0.1668
ゆっくり,0.0833,0.0,0.0,0.0833,0.5,0.0,1.75
よく,0.5436,0.5436,0.235,0.3063,1.0909,0.3818,0.1689
よる,0.1818,1.3456,0.7685,0.2814,0.1818,0.1818,0.0
ラーメン,0.4,0.0667,0.0667,0.6192,0.0667,0.0,0.8617
ライブ,0.7862,0.0227,0.0227,0.0227,0.0,0.072,3.2341
ライン,0.2264,0.0,0.0714,0.9232,0.2264,0.2264,0.2264
ラグビー,0.1714,0.0,0.0,0.0,0.3693,2.0254,0.9884
ラッシュ,0.0,0.0833,0.0833,0.0,0.0,2.8829,0.0
ランチ,0.2113,0.0,0.0,0.0667,0.2113,0.0,2.3063
ルール,0.0,0.0,1.2957,0.9942,0.0,0.0769,0.0769
レジ,0.0556,0.0,1.661,0.9358,0.0556,0.0556,0.0
ローマ,0.0,0.0,0.0833,0.0,0.774,1.4037,0.0833
わかった,0.718,0.1761,0.1761,0.1761,0.0556,0.9358,0.0
わから,0.1154,1.3632,0.4877,0.5749,0.4877,0.3239,0.0192
一,0.4918,1.0133,0.8644,0.4057,0.3232,0.4918,0.6731
一番,0.0,0.0,0.0769,0.0,0.9942,0.2438,0.9942
一緒に,0.3,0.0453,0.0453,0.0857,1.0923,0.1327,2.4914
万,0.913,0.1378,0.5619,0.0,0.0435,0.7324,0.1378
三,0.9232,0.0714,0.2264,0.0,0.0,0.4286,0.4286
上,0.1023,0.0323,1.2721,1.2721,0.1935,0.1935,0.0
上がった,0.0833,0.5,0.0833,0.0,0.0,1.0771,0.2642
上司,0.1956,0.1117,1.5353,1.8299,1.8631,0.1737,0.0
上手く,0.4286,0.9232,0.0714,0.0,0.0714,0.0,0.6634
下,0.0714,0.0714,0.0714,0.4286,0.6634,0.2264,0.2264
不倫,0.0,0.0,0.0833,3.2862,0.0,0.0,0.0
不安,0.0417,7.968,0.0,0.0,0.03,0.0032,0.0
不安だ,0.0,4.3269,0.0,0.0,0.0435,0.0,0.0
不安だった,0.0,5.0,0.0,0.0,0.0,0.0,0.0
不安である,0.0,3.7004,0.0,0.0,0.0,0.0,0.0
不安です,0.0,4.8074,0.0,0.0,0.0,0.0,0.0
不安な,0.0,3.0935,0.0,0.0,0.375,0.0,0.0
不安に,0.0,6.3663,0.0,0.0,0.0,0.0,0.0345
不良,0.4888,2.0755,0.3158,0.0,0.0526,0.0,0.0
世の中,0.1761,0.3333,0.718,0.516,0.1761,0.1761,0.0
世界,0.0,1.0771,0.5,0.0833,0.0,0.0833,0.2642
世話,0.8422,0.05,0.05,0.0,1.9717,0.0,0.05
両親,1.6575,0.6364,0.0961,0.0961,0.5104,0.0,0.0961
中,0.321,0.5621,0.2132,2.4579,0.1636,0.2658,0.1176
中学,0.6634,0.0714,0.0,0.0,0.2264,0.4286,0.6634
主人,0.5979,0.2585,0.42,0.1858,1.4178,0.12,0.2585
久しぶりに,0.2439,0.0189,0.0,0.0189,0.5641,0.1752,3.1677
乗って,0.0,0.1093,0.5808,0.3203,1.3598,0.4457,0.0345
乗り,0.2113,0.0667,0.6192,0.2113,0.4,0.0667,0.2113
予報,0.0909,0.2882,0.0909,0.0,0.5455,0.8443,0.0
予定,0.8793,0.3801,0.4954,0.0932,0.0932,0.1765,0.6176
予想,0.5805,0.0625,0.0625,0.0,0.5805,0.5805,0.1981
事,0.8979,0.6022,0.9949,0.6022,0.8979,1.1265,0.9949
事件,0.7387,0.0896,1.9373,1.058,0.0,0.2514,0.0149
事故,1.7917,0.7173,0.8696,0.087,0.0459,0.5014,0.0
二,0.517,0.04,0.24,0.3715,0.1268,1.0144,0.1268
亡くなった,6.6907,0.0182,0.0057,0.0182,0.0182,0.1457,0.0
亡くなり,3.2862,0.0833,0.0,0.0,0.0,0.0,0.0
交通,1.1053,0.1668,0.6803,0.4888,0.0,0.0526,0.0
京都,0.0909,0.0909,0.0,0.0,0.0909,0.5455,1.175
人,0.4082,0.1511,1.1593,3.2334,1.015,1.0868,0.2293
人生,0.0769,1.9507,0.0,0.0,0.0,0.4615,0.0769
人間,0.3063,0.3063,0.9945,1.1891,0.717,0.0576,0.0
今,0.2625,1.1706,0.2106,0.1616,0.75,0.2106,1.0981
今年,0.4787,0.6239,0.0,0.0,0.1174,1.2813,0.344
今後,0.0,5.0645,0.0,0.0,0.0704,0.0,0.0222
今日,0.375,0.1981,0.375,0.5805,0.0,0.5805,0.0
介護,0.2732,1.9235,0.3801,0.0294,0.3801,0.0294,0.0932
仕事,0.5362,1.9673,0.9501,0.3931,2.3542,0.2385,0.4146
仕事場,0.4286,0.2264,0.2264,0.4286,0.6634,0.0,0.0
他人,0.2222,0.037,0.7778,2.4222,0.0,0.0,0.0
他界,3.585,0.0,0.0,0.0,0.0,0.0,0.0
付き,0.0909,0.5455,0.2882,0.0909,0.0909,0.5455,0.0
付き合い,0.0,0.375,0.0625,0.0625,1.585,0.0625,0.1981
代表,0.1981,0.0,0.0625,0.1981,0.0625,1.585,0.1981
以前,0.4,0.0667,0.0667,0.0,0.6192,0.2113,0.6192
仲,1.05,0.05,0.0,0.05,0.6462,0.1585,0.4644
仲間,0.0909,0.0,0.0909,0.1958,2.8415,0.0152,1.1585
件,0.0625,0.1981,0.375,0.5805,0.0625,0.5805,0.0625
任さ,0.0,0.1865,0.0,0.0588,2.9115,0.0588,0.0
任せ,0.0909,0.0,0.0,0.0,3.1449,0.0,0.0
休み,0.4971,0.1219,0.0385,0.0385,0.3572,0.0385,1.7079
休日,0.25,0.0417,0.1321,0.1321,0.0,0.0417,2.5
休止,0.4,0.0667,0.0,0.0,0.2113,1.9932,0.0
会,0.0972,0.1907,1.0699,0.4511,0.2601,0.2965,2.4015
会った,0.3096,0.0,0.0,0.3096,0.7,1.3145,0.3096
会って,0.0,0.0,0.0,0.0769,0.4615,0.2438,1.6154
会社,0.541,1.173,1.1396,0.975,0.9104,0.3175,0.0627
会話,0.0196,0.0,0.0622,0.2534,1.1765,0.0,2.6671
住んで,0.0667,0.0667,0.4,0.0667,0.2113,0.8617,0.2113
住人,0.0,0.2882,0.0909,1.175,0.0909,0.2882,0.0
体,0.0813,0.887,0.2381,1.2691,0.0813,0.2381,0.2381
体力,0.5805,1.3125,0.0625,0.0625,0.0,0.375,0.0
体調,0.6383,3.4749,0.1375,0.0,0.368,0.1792,0.0337
体重,1.05,0.3,0.0,0.0,0.0,1.7297,0.0
何,0.1451,0.7734,1.1076,0.5405,0.2632,0.2632,0.3962
何も,0.5526,0.0263,0.9104,0.2444,0.7868,0.0263,0.4433
何度,0.3096,0.3096,1.4802,0.7,0.0,0.1057,0.0333
作った,0.7144,0.0,0.2438,0.0769,0.0769,0.0769,0.7144
作って,0.0556,0.0,0.3333,0.0,1.1667,0.3333,0.516
使い,0.0556,0.718,0.516,0.718,0.0556,0.1761,0.0
使え,1.2957,0.0,0.4615,0.0,0.0769,0.2438,0.0769
使用,0.6192,0.0,0.0667,0.4,0.0667,0.8617,0.0667
依頼,0.0,0.0,0.5,0.0,1.75,0.0833,0.0833
保育,0.4615,0.2438,0.0769,0.0,0.7144,0.4615,0.0
保険,0.0,0.4,0.4,0.4,0.8617,0.0667,0.0
信用,0.0909,0.0,0.0909,0.8443,1.175,0.0,0.0
信頼,0.035,0.0027,0.0163,0.0086,8.181,0.0086,0.0
修理,0.2264,0.0714,0.0,0.0714,1.8114,0.2264,0.0
借金,0.2438,0.9942,0.2438,0.2438,0.0769,0.0769,0.0
健康,0.1574,4.5679,0.0537,0.0,0.0169,0.1574,0.0
偶然,0.0,0.0,0.0,0.0909,0.0,3.1449,0.0
傘,1.0771,0.0833,0.0833,0.2642,0.0833,0.0833,0.0833
働いて,0.8617,0.4,0.4,0.0,0.6192,0.0,0.0
優勝,0.1865,0.0,0.0,0.0,0.1865,2.035,0.3529
兄,1.3125,0.0625,0.375,0.0,0.5805,0.0625,0.0
兄弟,0.2113,0.0667,0.0667,0.0667,1.4,0.0667,0.2113
先,0.3684,1.6429,0.4449,0.5245,0.3684,0.0556,0.1053
先日,0.0714,0.0,0.0714,0.4286,0.4286,0.6634,0.2264
先生,0.0906,0.0,0.0,0.0,4.2465,0.1714,0.0
先輩,0.4528,0.0,0.375,0.3008,2.8825,0.1071,0.0
児童,0.6192,0.0,1.4,0.6192,0.0,0.0,0.0
入った,0.2727,0.0455,0.2727,0.4222,0.0455,0.2727,0.9545
入って,0.1585,0.1585,0.3,1.05,0.3,0.1585,0.05
入れて,0.2882,0.2882,0.2882,0.8443,0.0909,0.0,0.0
入院,1.3128,1.2111,0.3889,0.0,0.172,0.3889,0.1111
全く,0.6016,0.0357,0.75,0.0357,0.4616,0.4616,0.2143
全て,0.0476,0.2857,0.8021,1.4237,0.0,0.1509,0.0
全然,0.0909,0.2882,0.2882,0.0,0.0909,1.175,0.0
公表,1.5313,0.0,0.0,0.0,0.0,1.175,0.0
具合,0.4222,0.4222,0.2727,0.2727,0.5875,0.1441,0.0455
内容,0.3317,0.1132,0.4616,0.4616,0.3317,0.1132,0.6016
円,0.4423,0.0476,0.0476,0.0,0.6155,1.2076,0.1509
再会,0.0,0.0833,0.0,0.0,1.0771,0.2642,0.774
最近,0.6167,0.7591,0.582,0.7955,0.4146,0.9064,0.6167
写真,0.0714,0.0714,0.2264,0.0714,0.0714,0.2264,1.2032
冬,0.0,0.2882,0.0,0.0,0.0,1.5313,0.5455
出,1.1667,0.9358,0.3333,0.0556,0.0556,0.0,0.0
出かけた,0.0,0.0667,0.0667,0.0,0.0667,0.2113,2.3063
出さ,0.0,0.0,1.75,0.2642,0.2642,0.0833,0.0
出した,0.5463,0.1865,0.5463,0.1865,0.1865,0.1865,0.0588
出た,0.1441,0.2727,0.1441,0.5875,0.0,0.5875,0.5875
出て,0.281,0.3662,0.2019,0.6499,0.3662,1.076,0.1304
出る,0.2642,0.5,0.0833,0.0833,0.0,0.5,0.2642
出来,0.8649,0.525,0.525,0.3231,0.15,0.2322,0.2322
出来た,0.0,0.0667,0.0,0.0,1.4,0.8617,0.2113
出来て,0.0833,0.5,0.0,0.0,0.2642,0.2642,0.774
出来る,0.0345,0.7241,0.0345,0.0,1.7067,0.2069,0.3203
出来事,0.9392,0.0,0.1174,0.4787,0.7778,0.2222,0.1174
出産,0.0714,0.4286,0.2264,0.2264,0.2264,0.6634,0.0
分から,0.0435,0.4038,0.7324,0.2609,0.7324,0.2609,0.0
切れて,2.7179,0.0,0.0,0.0,0.0909,0.0909,0.0
列,0.0769,0.0,2.6611,0.2438,0.0,0.0,0.0
初めて,0.634,0.525,0.0,0.0792,0.2322,0.4211,1.2374
別の,0.0,0.5,0.5,0.774,0.2642,0.0,0.0
別れ,3.9383,0.0,0.0556,0.0,0.0,0.0,0.0
利用,0.2264,0.2264,0.2264,0.0714,0.4286,0.2264,0.2264
券,1.2076,0.1509,0.1509,0.1509,0.0476,0.6155,0.0476
前,0.4449,0.2268,1.0526,0.5245,0.3684,0.5245,0.1629
剤,0.05,0.4644,0.1585,0.8422,0.1585,0.3,0.1585
割り,0.0,0.0,4.1209,0.3096,0.0,0.0,0.0
力,0.0,0.8865,0.1668,0.0,0.3158,0.6803,0.3158
助け,0.0833,0.0,0.0,0.0833,2.4914,0.0833,0.0
助けて,0.0,0.0,0.0,0.0,4.6439,0.0,0.0
勉強,0.6479,0.0385,0.6479,0.1219,0.6479,0.3572,0.0385
動物,0.6479,0.0,0.3572,0.2308,0.2308,0.8077,0.2308
動画,0.1132,0.0,0.744,1.4427,0.0,0.1132,1.4427
勝った,0.0909,0.0,0.0,0.0909,0.0,0.5455,1.5313
勝手に,0.0,0.2113,2.9604,0.0667,0.0,0.0,0.0
化粧,0.0,0.0,0.2882,2.3054,0.0,0.0909,0.0
医師,0.0,0.0556,0.0556,0.1761,3.0387,0.0,0.0
医者,0.05,0.4644,0.3,0.0,1.7297,0.1585,0.0
卒業,1.175,0.2882,0.0,0.0,0.0909,0.2882,0.0909
原因,0.0833,0.5,1.0771,0.0833,0.2642,0.0,0.0
参加,0.2113,0.0667,0.0667,0.0667,0.0667,0.0667,1.6906
友,0.0588,0.0588,0.0588,0.1865,0.9908,0.0588,0.7603
友人,1.1461,0.0211,0.1919,0.1214,2.3931,0.8721,1.1207
友達,0.7297,0.0308,0.13,0.2022,2.1302,0.6656,1.4182
収入,0.4457,2.4444,0.0345,0.0,0.0,0.4457,0.0345
叔母,1.75,0.0,0.0833,0.0833,0.2642,0.0833,0.0
取ら,0.718,0.1761,1.1667,0.1761,0.1761,0.0,0.0
取引先,0.0667,0.0667,0.6192,0.0,1.6906,0.0667,0.0
受けた,0.3917,0.0961,1.9818,0.1818,0.2814,0.0961,0.0303
受けて,0.5463,0.1865,0.1865,0.1865,0.3529,0.5463,0.0
受験,0.5122,2.8661,0.0,0.0244,0.0773,0.3152,0.0244
口,0.4449,0.0175,0.6069,3.1745,0.0556,0.0175,0.0
古い,0.0833,0.2642,0.0,0.0833,0.2642,0.774,0.2642
台風,0.7207,1.25,0.2693,0.1935,0.1935,0.7207,0.0
合わ,1.2957,0.0769,0.2438,0.7144,0.0,0.0,0.0
合格,0.6239,1.2813,0.0,0.0,0.0,1.1073,0.1174
同じ,0.2585,0.0634,0.7887,1.308,0.2585,0.42,0.1858
同僚,0.5356,0.0566,0.4662,0.8677,2.2147,0.7538,0.1027
同級生,0.2438,0.0,0.0769,0.0,0.0769,1.2957,0.4615
周り,0.3096,0.3096,0.9966,0.7,0.1057,0.3096,0.0
周囲,0.2882,0.0,0.0909,1.175,0.5455,0.0,0.0
品,0.0455,0.0455,0.2727,0.5875,0.5875,0.5875,0.1441
員,0.1093,0.2069,0.8745,1.1929,0.1093,0.3203,0.0
商品,1.2766,0.0674,0.275,0.1277,0.5396,0.839,0.1277
問題,0.0473,0.8955,2.1239,0.3134,0.2514,0.3134,0.0149
喧嘩,1.2155,0.0,1.4533,0.7688,0.0704,0.0704,0.0222
嘘,0.2872,0.0222,1.3333,1.5753,0.3743,0.0222,0.0
回復,0.0,0.8443,0.0,0.0,0.5455,0.8443,0.0
回答,0.0,0.2882,0.2882,0.0909,0.5455,0.0909,0.2882
国,0.0,0.1865,1.2353,0.7603,0.0588,0.0,0.1865
国会,0.0,0.0588,1.4917,1.2353,0.0,0.0588,0.0
国民,0.0833,0.0833,1.75,0.0,0.5,0.0,0.0
園,0.3333,0.1761,0.1761,0.1761,0.3333,0.3333,0.3333
地震,0.025,4.6885,0.025,0.0,0.0,0.0792,0.0
堀,1.2076,0.0,0.0,0.0,0.0,2.3569,0.0
報告,0.0667,0.0,0.0,0.4,0.4,1.6906,0.0
報道,0.1321,0.0417,0.5385,1.4414,0.0417,0.1321,0.25
場,0.4423,0.0476,0.8021,0.6155,0.1509,0.1509,0.0476
場所,0.1585,0.3,0.4644,0.8422,0.1585,0.3,0.0
増えた,0.6803,0.3158,0.1668,0.1668,0.0526,0.3158,0.3158
増えて,0.2642,0.5,0.2642,0.2642,0.0833,0.2642,0.0
増税,0.0,1.9307,1.5041,0.0435,0.0,0.0,0.0
壊れた,1.7925,0.0455,0.1441,0.1441,0.1441,0.1441,0.1441
壊れて,1.3125,0.0,0.375,0.0625,0.0625,0.1981,0.1981
声,0.0345,0.0,1.0309,0.4457,1.0309,0.3203,0.0345
売り,2.8571,0.4423,0.0,0.0,0.0476,0.0476,0.0
変化,0.0714,0.6634,0.0,0.0714,0.0,1.8114,0.0
外,0.3158,0.0526,0.0526,0.4888,0.3158,0.4888,0.3158
外出,0.2642,1.4037,0.0,0.0833,0.0,0.0,0.5
外国,0.0625,0.0,0.375,0.8078,0.0,0.375,0.5805
外食,0.1509,0.0,0.0476,0.1509,0.1509,0.0,2.6046
多,0.0,0.0,0.7144,0.0769,0.0,1.9507,0.0
多い,0.0495,0.6938,1.7414,0.7734,0.202,0.202,0.0938
多く,0.2381,0.4319,0.887,0.2381,0.6502,0.2381,0.1538
夜,0.0909,0.8443,0.5455,0.0909,0.0,0.0,0.2882
夢,0.9908,0.5463,0.0,0.1865,0.1865,0.0588,0.1865
大きく,0.774,0.2642,0.5,0.0833,0.0,0.2642,0.0
大丈夫,0.0,2.2998,0.0,0.0,0.7144,0.0,0.0
大事な,0.9358,0.718,0.3333,0.0,0.3333,0.0556,0.0
大人,0.0833,0.0,0.774,0.774,0.2642,0.0833,0.0
大会,0.2857,0.0476,0.0476,0.0476,0.0476,1.2076,0.8021
大切に,1.9091,0.0,0.0909,0.0,0.2882,0.0,0.0909
大好きな,1.6446,0.037,0.037,0.037,0.0,0.037,1.4605
大学,0.5875,0.4222,0.0455,0.1441,0.2727,0.7656,0.0455
大阪,0.2264,0.0,0.0714,0.6634,0.0,1.2032,0.0714
天気,0.0455,0.9545,0.1441,0.0,0.2727,0.7656,0.2727
天皇,0.0,0.0,0.4615,0.4615,0.7144,0.2438,0.0769
夫,0.2646,0.3061,1.3717,0.531,1.5433,0.2646,0.1144
夫婦,0.0357,0.0,0.3317,0.0357,2.1429,0.1132,0.4616
失敗,0.8305,0.359,0.7044,0.258,0.8305,0.0278,0.0
契約,0.2438,0.4615,0.0769,0.0769,0.9942,0.0769,0.0
女,0.2438,0.0,0.2438,1.9507,0.0,0.0769,0.0
女優,0.5455,0.0,0.0,0.5455,0.0,0.8443,0.0909
女児,0.6634,0.0,0.4286,1.2032,0.0,0.0714,0.0
女性,0.525,0.0792,0.4211,1.5,0.15,0.3231,0.0792
奴,0.0,0.0385,0.9754,2.3077,0.0385,0.0385,0.0
好きな,0.7059,0.0706,0.0118,0.0373,0.1521,0.1521,3.6729
妊娠,0.3,0.1585,0.0,0.0,0.05,2.4748,0.05
妹,0.1865,0.0,0.3529,0.0588,0.7603,0.5463,0.1865
妻,0.5581,0.1719,0.5051,0.2143,2.3955,0.1719,0.3051
姉,0.4039,0.0991,0.9343,0.4039,0.7925,0.0991,0.0312
始めた,0.1378,0.913,0.0435,0.0,0.2609,0.4038,0.7324
姪,0.0,0.0,0.0769,0.0,0.0769,0.4615,1.9507
姿,0.4,0.0667,0.0,0.4,0.6192,0.0,0.6192
娘,0.5362,0.4353,0.2486,0.1651,0.5362,1.3336,0.8612
嫁,0.0476,0.0,0.2857,0.6155,1.4237,0.0476,0.1509
嫌いな,0.0,0.0714,0.0,3.1718,0.0,0.0714,0.0
嫌がらせ,0.0,0.0,1.0771,1.0771,0.0833,0.0833,0.0
嫌な,0.0385,0.0385,0.6479,2.5154,0.0385,0.0,0.0385
嫌悪,0.0,0.0,0.0,7.9425,0.0,0.0,0.0
子,0.025,0.3231,0.15,0.4211,0.634,0.7474,0.634
子ども,0.337,0.337,0.559,0.2555,0.7508,1.2162,0.8004
子供,0.6004,0.913,1.0215,0.3744,0.567,1.4724,1.0398
存在,0.1219,0.0385,0.2308,0.9754,1.3306,0.1219,0.0
学校,0.2609,0.5619,0.5619,0.0435,0.4038,0.1378,0.2609
学生,0.4615,0.0,0.0769,0.0,1.2957,0.0,0.4615
孫,0.1771,0.1272,0.0,0.0,0.0434,1.6935,2.569
守って,0.0714,0.0,0.0,0.0,3.5354,0.0,0.0
守ら,0.0,0.0556,1.661,0.718,0.3333,0.0,0.0
安倍,0.0,0.0625,1.0528,0.0625,1.3125,0.0625,0.0
安定,0.0,1.2957,0.0,0.0,0.9942,0.0,0.2438
安心,0.0556,0.0,0.0,0.0,3.6333,0.0,0.0556
定年,0.2642,1.4037,0.0833,0.0,0.0833,0.2642,0.0
宝くじ,0.3333,0.0,0.0,0.0,0.0,3.0387,0.0556
実家,2.2552,0.1093,0.1093,0.0,0.4457,0.2069,0.0345
客,0.1451,0.0938,0.8546,1.3726,0.6938,0.2632,0.202
家,0.3844,0.9124,0.9761,0.7877,0.1872,0.2333,0.4382
家事,0.0667,0.0667,1.4,0.0,0.8617,0.0667,0.0
家庭,0.5805,0.0625,0.1981,0.0625,0.5805,0.0625,0.375
家族,0.5073,0.2803,0.1181,0.0575,2.6634,0.102,2.411
寒,0.2882,0.2882,0.0,0.0,0.0,1.5313,0.0909
寝,1.4,0.8617,0.4,0.0,0.0,0.0,0.0
対し,0.0833,0.0,0.774,0.2642,1.0771,0.0,0.0
対して,0.0768,0.1736,1.6047,2.4027,0.6786,0.0496,0.0
対する,0.0882,0.653,0.9618,1.1245,0.8044,0.1366,0.0147
対応,0.0844,0.0844,1.4091,1.0132,2.0718,0.1175,0.0
将来,0.0046,7.5915,0.0,0.0046,0.0,0.0046,0.0046
小学生,0.5463,0.0,0.5463,0.1865,0.0588,0.5463,0.1865
少し,0.4433,0.7868,0.3401,0.2444,0.5526,0.0834,0.3401
少ない,0.516,0.9358,0.516,0.1761,0.0556,0.0,0.0556
少なく,0.5,0.774,0.0833,0.0833,0.2642,0.0,0.0833
就職,0.3572,2.9409,0.0385,0.0385,0.0385,0.0385,0.0
尻,0.066,0.0,0.066,0.3509,0.0,3.9071,0.066
屋,0.0312,0.0312,0.2902,0.1875,1.3877,0.6562,0.2902
嵐,0.2222,0.0,0.0,0.0,0.1174,3.2536,0.1174
希望,1.0771,0.774,0.0,0.0,0.0,0.2642,0.0833
師,0.0,0.0,0.1981,0.5805,2.1621,0.0,0.0
席,0.0,0.0,0.387,2.279,0.1321,0.387,0.0
帰って,0.2857,0.2857,0.1509,0.1509,0.6155,0.1509,0.4423
帰り,0.0,1.1229,0.4,0.0,0.6192,0.0667,0.0667
帰宅,0.0,0.2438,0.9942,0.0,0.4615,0.0769,0.2438
常に,0.0,0.8443,0.2882,0.0909,0.5455,0.0,0.0909
平気で,0.0667,0.0667,1.6906,0.4,0.0,0.2113,0.0
年,1.2442,0.5242,0.0909,0.0,0.5975,0.8287,0.453
年金,0.0537,4.5679,0.1574,0.1017,0.0,0.0537,0.0
年齢,0.2113,0.0667,0.4,0.0667,0.0,1.6906,0.0
幼稚園,0.0,0.9232,0.0,0.0,0.4286,0.6634,0.2264
店,0.9211,0.0845,0.3572,0.9211,0.4211,0.6971,0.2372
店員,0.0278,0.0,1.8167,1.3749,0.359,0.0278,0.0
度,0.0,0.1981,0.8078,0.8078,0.0,0.5805,0.0
式,0.8443,0.0909,0.0,0.0,0.0909,0.5455,0.2882
引っ越し,0.0833,1.4037,0.2642,0.0833,0.0833,0.0,0.0833
弟,0.3715,0.24,0.517,0.24,0.517,0.517,0.0
強い,0.0,0.2113,0.0667,0.2113,1.9932,0.0667,0.0
当たった,0.0154,0.0154,0.0,0.0,0.0154,3.824,1.0906
当選,0.0,0.0,0.0,0.0,0.0588,3.5294,0.0588
役員,0.2642,0.0833,0.0833,1.0771,0.5,0.0,0.0
彼女,0.9171,0.216,0.216,0.216,1.0327,0.1395,0.3006
彼氏,0.3333,0.1761,0.0556,0.0556,0.1761,0.9358,0.3333
待ち,0.0,1.0771,1.0771,0.0833,0.0833,0.0,0.0
待って,0.0,0.2438,0.7144,0.0769,0.4615,0.0769,0.2438
後,0.375,0.5805,0.1981,0.375,0.5805,0.0,0.0
後ろ,0.0,0.0714,1.8114,0.6634,0.0,0.0714,0.0
後輩,0.2143,0.0357,0.6016,0.0357,1.9534,0.1132,0.0357
従業,0.0588,0.0588,0.5463,1.2353,0.0588,0.3529,0.0
得,0.2264,0.2264,0.0714,0.4286,0.4286,0.2264,0.0714
心,0.4644,0.3,0.1585,0.3,0.4644,0.05,0.3
心配,0.0357,1.9534,0.1132,0.0357,0.9057,0.0357,0.0357
必要,0.0625,0.5805,0.375,0.1981,0.8078,0.0625,0.0
忘れて,1.2999,0.2609,0.0435,0.1378,0.1378,0.1378,0.4038
忙しい,0.0556,0.1761,1.4089,0.1761,0.3333,0.0,0.1761
応募,1.175,0.2882,0.0,0.0,0.0,0.2882,0.2882
応援,1.1073,0.037,0.037,0.1174,0.2222,0.1174,1.1073
怒った,0.0833,0.0,2.8829,0.0833,0.0,0.0,0.0
怒ら,1.2335,0.0278,1.9691,0.1667,0.0278,0.0881,0.0
怒り,0.0,0.0,7.5112,0.044,0.0,0.0047,0.0
怒る,0.0,0.0,2.7179,0.0909,0.0,0.0909,0.0
思い,0.8967,0.2761,0.5671,0.4157,0.9836,0.052,0.2761
思う,0.1629,1.1474,0.8683,0.1629,0.779,0.0556,0.2955
思った,0.2514,0.8955,0.0473,0.2514,0.8955,0.8164,0.4462
思って,1.0061,0.1222,0.3934,0.2763,0.2763,1.8724,0.0417
思わ,0.0,0.7144,0.0769,0.0769,0.7144,0.4615,0.0
急に,0.8793,0.3801,0.1765,0.0294,0.0932,1.306,0.0932
怪我,1.8778,0.6155,0.0476,0.1509,0.0,0.0476,0.0476
恋人,0.718,0.1761,0.0,0.0,0.718,0.0556,0.718
恋愛,0.0,0.0769,0.9942,0.2438,0.0769,0.2438,0.2438
息子,0.535,0.535,0.4168,0.0382,0.535,1.1283,0.659
患者,0.2882,0.0909,0.0,0.8443,0.0909,0.2882,0.0909
悩み,0.0,0.0588,0.0588,0.0,3.2174,0.0,0.0588
悪,0.2693,0.125,0.7207,2.7041,0.0,0.125,0.0
悪い,0.3322,0.8496,1.5114,1.1717,0.1872,0.1436,0.0111
悪かった,0.1585,0.0,1.268,1.7297,0.0,0.0,0.0
悪く,0.8707,1.39,0.4972,0.4118,0.1821,0.0622,0.0196
悪化,0.7324,2.3781,0.1378,0.0,0.0,0.0435,0.0
悲しい,7.1619,0.0061,0.0192,0.0,0.0061,0.0,0.0
悲しかった,5.0444,0.0,0.0,0.0,0.0,0.0,0.0
悲しく,3.731,0.0,0.1668,0.0,0.0,0.0,0.0
情報,0.0769,0.0769,0.0,0.2438,0.4615,0.2438,0.7144
意味,0.0909,0.0909,1.175,0.2882,0.0909,0.0909,0.0
意見,0.0625,0.0625,0.5805,0.375,1.0528,0.0625,0.0
愛,1.175,0.0,0.0,0.2882,0.2882,0.0,0.2882
愛犬,2.4603,0.2674,0.0503,0.0952,0.3333,0.2052,0.4746
感,0.0062,0.0118,0.0118,3.963,3.7971,0.0062,0.0118
感じ,0.1053,0.0175,0.9596,0.8683,1.2437,0.2268,0.1629
感じた,0.0337,0.4195,0.8134,0.8736,1.7172,0.1792,0.1792
感じて,0.0,0.0476,0.6155,0.2857,1.6473,0.0476,0.0476
感じる,0.0645,0.7032,0.8222,1.7357,0.5881,0.1811,0.0999
感情,0.2438,0.0,0.4615,0.7144,0.0769,0.2438,0.0769
態度,0.0682,0.0,2.1311,2.2065,0.3931,0.0114,0.0114
懸賞,0.1981,0.0,0.0,0.0,0.0,3.4185,0.0
成功,0.0,0.5455,0.0,0.0,1.175,0.2882,0.0909
成長,0.0,0.0645,0.0,0.0,0.0999,4.5475,0.7622
所,0.4038,0.1378,0.7324,0.4038,0.0435,0.2609,0.2609
手,0.3203,0.0,0.1093,1.3598,0.2069,0.3203,0.4457
手伝って,0.0,0.0588,0.0588,0.0,3.5294,0.0,0.0
手術,0.4954,2.085,0.2732,0.0294,0.1765,0.1765,0.0
扱い,0.1668,0.0526,2.0755,0.6803,0.0,0.0,0.0
批判,0.0909,0.0,0.2882,1.9091,0.0,0.0909,0.0
投稿,0.0,0.0667,0.4,1.4,0.0,0.4,0.0667
抱いた,0.0,0.0,0.0,4.1832,0.0476,0.0,0.0
抽選,0.4615,0.2438,0.0,0.0,0.0,1.2957,0.2438
担当,0.0,0.0,1.0528,0.375,1.3125,0.0,0.0
持つ,0.0,0.0,0.0,1.4037,0.5,0.2642,0.0833
持った,0.0909,0.0,0.0,0.8443,0.5455,0.2882,0.0909
持って,0.258,0.0,0.359,0.258,1.2335,0.7044,0.1667
指示,0.1668,0.0526,2.0755,0.1668,0.3158,0.0,0.0
挨拶,0.0,0.0,0.0667,2.9604,0.0667,0.0667,0.0
捨て,0.5385,0.0,1.4414,1.0566,0.0,0.0417,0.0
掃除,0.2857,0.0,0.4423,1.0,0.0476,0.1509,0.4423
接客,0.0,0.2438,1.6154,0.2438,0.2438,0.0,0.0
携帯,0.0714,0.0,0.0714,0.9232,0.9232,0.2264,0.0
政府,0.0,0.2857,1.2076,1.0,0.2857,0.0,0.0
政治,0.0,0.0674,3.2979,0.4468,0.3584,0.0213,0.0
故障,0.5,0.774,0.0833,0.0,0.2642,0.0833,0.0833
教えて,0.0,0.0,0.1585,0.0,3.27,0.1585,0.0
散歩,0.1761,0.0,0.1761,0.3333,0.0,0.0,2.1908
数,0.8745,0.5808,0.0345,0.1093,0.3203,0.5808,0.1093
文句,0.0909,0.0,1.5313,0.5455,0.0909,0.0,0.0
料理,0.5104,0.0,0.0961,0.1818,0.6364,0.0961,1.4999
新しい,0.0556,0.779,0.0175,0.0556,0.779,0.5245,1.4406
新人,0.0909,0.5455,0.8443,0.0909,0.0909,0.0909,0.0
方,0.1574,0.2191,0.5863,0.8389,0.9271,0.5863,0.1017
施設,0.5455,0.2882,0.2882,0.0909,0.2882,0.0,0.0909
旅行,0.2912,0.0353,0.0353,0.0186,0.2035,0.0353,5.6784
日,0.6077,0.3844,0.4934,0.3844,0.3844,0.55,1.0405
日々,0.0,0.4222,0.0,0.2727,0.1441,0.0455,2.0184
日本,0.2562,1.1258,0.6606,0.302,0.716,0.716,0.2562
旦那,0.2674,0.1474,1.0381,0.7048,1.1252,0.0952,0.2052
早く,0.1761,0.0556,0.718,0.1761,0.718,0.0556,0.1761
明日,0.0,2.1133,0.0,0.0833,0.0833,0.0833,0.0833
昔,0.4211,0.025,0.0,0.0792,1.3674,0.4211,0.9859
映画,0.4884,0.0,0.0737,0.3006,0.0233,0.3006,2.4524
時,0.3808,0.4935,0.7848,0.7671,1.4977,0.51,1.5765
時代,0.4038,0.0,0.0,0.0,1.2999,0.5619,0.5619
時間,0.1615,0.1296,0.8573,0.0994,0.4615,0.0994,3.1952
普段,0.0,0.1509,0.1509,0.1509,1.2076,0.4423,0.2857
景気,0.0909,1.9091,0.2882,0.0,0.0909,0.0,0.0
暴言,0.0909,0.0,1.9091,0.2882,0.0,0.0909,0.0
月,0.9859,1.3674,0.025,0.025,0.025,0.8649,0.0792
有名,0.2609,0.1378,0.0,0.0,0.0435,3.0821,0.0
服,0.718,0.0,0.1761,0.3333,0.1761,0.3333,0.3333
朝,0.2,0.4308,0.7,0.1057,0.1057,0.3096,0.7
期待,0.4615,0.0,0.0,0.0,0.4615,0.9942,0.2438
期限,1.0771,1.0771,0.0833,0.0,0.0,0.0833,0.0
未来,0.0,3.9069,0.0,0.0,0.0,0.0,0.0
本,0.0,0.0556,0.0556,0.0556,0.0556,0.718,1.661
本当に,0.1174,0.7778,0.037,0.1174,0.344,0.4787,0.6239
来,0.4457,0.7241,0.4457,0.0345,0.1093,0.7241,0.1093
来た,0.1865,0.7603,0.3529,0.3529,0.3529,0.0588,0.0
来て,0.1057,0.1057,0.1057,0.1057,1.3145,0.3096,0.7
来る,0.1761,1.1667,0.3333,0.1761,0.0556,0.0,0.3333
来年,0.0769,1.9507,0.0,0.0,0.0,0.4615,0.0769
東京,0.4615,0.0,0.0,0.0769,0.0,1.2957,0.4615
柔軟,0.0833,0.0833,0.2642,0.5,0.2642,0.2642,0.0833
株価,0.2642,1.0771,0.0833,0.0,0.0,0.774,0.0
桜,0.0227,0.0227,3.0914,0.5764,0.0227,0.2937,0.0
検査,0.04,3.0585,0.04,0.04,0.04,0.1268,0.04
業務,0.875,0.25,0.387,0.0417,1.0566,0.0417,0.0
業績,0.0,3.585,0.0,0.0,0.0,0.0,0.0
業者,0.0,0.1219,0.9754,0.3572,0.9754,0.2308,0.0385
楽しい,0.0364,0.0,0.0039,0.0039,0.0235,0.0039,7.631
楽しかった,0.0459,0.0,0.0,0.0,0.0,0.0,5.911
楽しく,0.04,0.0,0.0,0.04,0.04,0.0,3.9807
楽しみに,1.5,0.0,0.2264,0.0,0.0,0.0714,0.6634
様,0.4615,0.4615,0.0769,0.0,0.4615,0.2438,0.0769
横,0.1981,0.0,1.8686,0.5805,0.0625,0.0,0.0
機,0.4615,0.0769,0.0769,0.2438,0.0,0.7144,0.2438
欲しい,0.9754,0.0385,0.1219,0.0385,0.3572,0.4971,0.4971
歩いて,0.1585,0.1585,0.8422,1.05,0.1585,0.05,0.0
歩き,0.0,0.1268,1.7762,1.0144,0.0,0.1268,0.04
歩道,0.0,0.0,1.5313,0.2882,0.0,0.5455,0.0
歯,0.1441,1.5725,0.2727,0.0455,0.2727,0.2727,0.0
死,6.2591,0.0499,0.1363,0.0499,0.0,0.212,0.0
死んだ,5.3548,0.0,0.0,0.0,0.0,0.1523,0.0164
死んで,4.1279,0.037,0.0,0.037,0.0,0.037,0.0
死亡,3.4185,0.0,0.0,0.0,0.0,0.1981,0.0
死去,3.585,0.0,0.0,0.0,0.0,0.0,0.0
母,2.1064,0.5085,0.3342,0.1095,1.1,0.178,0.2149
母親,1.994,0.3387,0.4822,0.409,0.4822,0.0968,0.0
毎日,0.0845,0.182,0.182,0.4872,0.2372,0.2958,2.5486
気,0.216,0.8385,0.7012,0.7012,0.5693,0.216,0.4435
気に入り,2.1355,0.0,0.0714,0.0,0.0,0.0,0.6634
気分,0.3158,0.0,0.1668,0.8865,0.0,0.0,1.3347
気持ち,0.6465,0.6465,0.2119,1.2535,0.3443,0.0984,0.2761
水,0.0,0.0,0.8443,0.5455,0.0909,0.0909,0.2882
水泳,0.9942,0.0,0.0,0.0,0.0,1.9507,0.0
汚い,0.0,0.0,0.3529,3.2174,0.0,0.0,0.0
江,1.5083,0.0,0.0,0.1277,0.0,2.7617,0.0
池,1.6101,0.0,0.0,0.1176,0.0,2.7902,0.0
決まら,0.2882,2.3054,0.0,0.0,0.0909,0.0,0.0
没頭,0.0,0.0,0.0714,0.0,0.0,0.0,3.5354
沢,0.0689,0.0,0.0217,0.281,0.0,4.077,0.0689
治療,0.0455,1.1527,0.4222,0.0455,1.1527,0.0,0.0
注意,0.0625,0.0625,1.3125,1.0528,0.0,0.0625,0.0
活動,0.5615,0.3096,0.0,0.0333,0.4308,1.3145,0.2
活躍,0.0,0.0909,0.0,0.0,0.0909,1.5313,0.5455
浮気,0.1865,0.0588,0.3529,1.7587,0.0588,0.0588,0.0
海外,0.2,0.5615,0.3096,0.0,0.1057,0.4308,1.1531
消費,0.1765,2.085,0.7459,0.0294,0.0,0.3801,0.0
減った,0.8422,1.268,0.3,0.1585,0.0,0.05,0.0
温泉,0.0417,0.0,0.0417,0.0,0.0417,0.0,3.902
満員,0.0,0.0,0.5463,2.9115,0.0,0.0,0.0
準備,0.5,0.774,0.0833,0.0,0.5,0.0,0.0833
災害,0.4222,2.2498,0.0455,0.0455,0.0455,0.1441,0.0
無い,0.0556,0.2268,0.5245,0.9596,0.3684,0.8683,0.3684
無し,0.1091,0.0576,0.3818,0.8999,0.8074,0.8999,0.235
無事に,0.0,1.75,0.0,0.0,0.2642,0.5,0.0
無視,0.6738,0.04,0.84,1.5774,0.0,0.0,0.0
煽ら,0.0833,0.0833,2.1133,0.2642,0.0,0.0,0.0
煽り,0.0,0.0,2.7498,0.718,0.0,0.0,0.0
父,3.5002,0.3474,0.2307,0.1272,0.1771,0.1272,0.0
父親,2.5873,0.3818,0.3818,0.3063,0.1689,0.0182,0.0182
物,0.2732,0.0294,1.306,0.6176,0.2732,0.2732,0.0932
特に,0.354,0.2054,0.622,1.3193,1.5492,1.6571,0.5451
犬,1.9751,0.1093,0.3517,0.407,0.3517,0.5224,0.2983
犯人,0.0,0.0,0.5455,2.3054,0.0,0.0,0.0
犯罪,0.0,0.0,0.5,2.4914,0.0,0.0,0.0
状態,0.2727,0.9545,0.5875,0.1441,0.2727,0.1441,0.0
状況,0.0,1.4,0.2113,0.2113,0.4,0.0667,0.0
猫,1.9242,0.2836,0.364,0.2836,0.3232,0.2836,1.0133
現在,0.0476,1.0,0.1509,0.2857,0.4423,0.1509,0.1509
理不尽な,0.0,0.0222,4.6123,0.2872,0.0,0.0,0.0
理由,0.0833,0.0,0.5,1.4037,0.0,0.2642,0.0
理解,0.906,0.0,0.3917,0.0961,1.9818,0.0303,0.0
環境,0.0769,0.7144,0.2438,0.2438,0.0769,0.0,0.4615
生,0.0455,0.0,0.4222,0.4222,0.0,1.1527,0.5875
生きて,0.2642,0.2642,0.0833,0.0,0.0833,0.2642,0.774
生活,0.033,3.7834,0.0967,0.0625,0.3114,0.2188,0.3604
甥,0.1865,0.0588,0.0,0.0,0.0588,0.9908,1.2353
甲斐,0.0909,0.0,0.2882,0.5455,0.5455,0.0909,0.0909
男,0.0,0.0,0.6634,0.9232,0.6634,0.0,0.0714
男性,0.1023,0.1023,0.1935,3.2103,0.0,0.1023,0.0
異動,0.3333,1.4089,0.0556,0.1761,0.0556,0.3333,0.0
番組,0.2069,0.0345,0.2069,0.8745,0.0345,0.1093,1.3598
病,0.8865,1.5735,0.0,0.0526,0.0526,0.1668,0.0
病気,2.0218,2.5755,0.018,0.0528,0.1441,0.7375,0.018
病院,0.2855,0.3559,0.8389,0.1574,1.4889,0.2855,0.1017
症,1.1073,1.4605,0.037,0.1174,0.037,0.1174,0.037
症状,0.4615,1.9507,0.0,0.0,0.0769,0.0769,0.0
痛い,0.0909,1.175,0.0,0.2882,0.0909,0.2882,0.0
癌,1.5859,0.4616,0.1132,0.0,0.0357,0.9057,0.0
発表,0.4971,0.9754,0.0,0.0,0.0385,1.5167,0.0385
発見,0.0769,0.2438,0.0769,0.0769,0.0,0.9942,0.4615
発言,0.1364,0.0227,1.2431,1.7378,0.2111,0.2111,0.0
白血病,1.6992,0.0,0.0,0.0222,0.0222,2.6114,0.0
目,1.4324,0.4169,0.5434,0.2996,0.0323,0.1023,0.0323
相手,0.3314,0.0256,1.1386,0.7666,0.887,0.0256,0.0256
相談,0.125,0.0,0.125,0.0,4.4646,0.0208,0.0208
看護,0.0,0.0,0.4615,0.2438,1.9507,0.0,0.0
知った,0.344,0.1174,0.037,0.037,0.0,2.6255,0.1174
知って,0.5455,0.0,0.0,0.0,0.0909,1.9091,0.0
知ら,0.1463,0.0773,0.9618,0.5122,0.0773,1.0831,0.2265
知り合い,1.032,0.3178,0.0,0.0598,0.1132,2.3326,0.0598
知人,1.6878,0.0238,0.0,0.3077,0.5,0.7118,0.1429
確認,0.0,0.6634,0.4286,0.0714,0.6634,0.0714,0.0714
社,0.0,0.0909,0.0909,0.2882,0.5455,0.8443,0.0
社会,0.0526,1.8208,0.3158,0.0526,0.3158,0.0526,0.0
社員,0.0961,0.1818,0.7685,1.0483,0.5104,0.2814,0.0
社長,0.0556,0.0556,0.516,0.3333,1.4089,0.0556,0.0
祖母,3.2222,0.2727,0.0,0.0,0.0,0.1441,0.0
祖父,3.1859,0.0,0.25,0.0,0.0417,0.0417,0.0417
私,0.3367,0.3021,0.6371,0.7582,2.1238,0.6371,0.0216
税,0.1714,2.1846,0.7246,0.0286,0.0,0.3693,0.0
税金,0.0,0.4038,1.5041,0.5619,0.0,0.4038,0.0
突然,0.7685,0.1818,0.1818,0.0961,0.0303,1.9818,0.0
立ち,0.0909,0.0909,0.2882,0.2882,0.0,0.2882,0.5455
立った,0.0,0.0,3.731,0.1668,0.0,0.0,0.0
競馬,0.8021,0.0,0.0476,0.0,0.1509,0.1509,1.6473
笑い,0.2264,0.0,0.0714,0.2264,0.0,0.0,2.1355
笑顔,0.0833,0.0,0.0,0.2642,0.5,0.0,1.4037
管理,0.0,0.0909,1.5313,0.0909,0.2882,0.0909,0.0
精神,0.1761,0.718,0.0556,0.0556,0.718,0.1761,0.1761
糞,0.0588,0.0,0.7603,2.035,0.0,0.0588,0.0
約束,0.1523,0.0164,1.0721,0.1523,2.9664,0.0164,0.0
紅葉,0.0,0.0,0.0,0.0,0.0,0.5463,2.9115
終了,0.774,1.0771,0.2642,0.0,0.0,0.0833,0.0
絆,0.0,0.0,0.0,0.0,3.7004,0.0,0.0
経済,0.0,2.9604,0.2113,0.0,0.0,0.0667,0.0
結婚,0.1489,0.351,0.0225,0.0225,0.0225,5.359,0.0659
結局,0.2642,0.5,0.2642,0.0833,0.774,0.0,0.0
結果,0.1935,2.8338,0.066,0.066,0.066,0.5283,0.066
給料,0.3818,1.5972,0.8074,0.1689,0.1689,0.1091,0.235
統計,0.0,0.2113,2.3063,0.0,0.4,0.0,0.0
続いて,0.2264,2.1355,0.0,0.0,0.0714,0.0714,0.0714
続け,0.0,3.0334,0.0,0.0,0.0,0.0,0.2438
続けて,0.375,0.5805,0.375,0.375,0.0,0.1981,0.0625
続ける,0.0,0.2882,0.0,1.175,0.5455,0.0,0.0909
総理,0.0667,0.0,1.4,0.4,0.4,0.0667,0.0
美味しい,0.0,0.0,0.0,0.0,0.75,0.0,3.3446
義母,0.5805,0.375,0.5805,0.8078,0.0,0.0,0.0
老後,0.0,6.2616,0.0,0.0,0.0123,0.0,0.0
考え,0.0385,0.2308,0.3572,1.1499,0.1219,0.4971,0.1219
考えた,0.0,2.1133,0.0833,0.5,0.0,0.0,0.0
考えて,0.1585,0.4644,0.4644,0.05,0.8422,0.0,0.3
考える,0.04,2.1879,0.04,0.04,0.1268,0.04,0.517
聞いた,0.1174,0.037,0.2222,1.4605,0.2222,0.6239,0.037
聞いて,0.0896,0.0,0.7387,0.1386,2.8981,0.5163,0.0
聞か,0.0333,0.1057,3.3173,0.1057,0.0333,0.1057,0.0
職員,0.0909,0.2882,0.8443,0.5455,0.0909,0.0,0.0
職場,0.3613,0.5174,0.7264,1.1314,1.0387,0.438,0.2525
肩,0.0769,1.2957,0.2438,0.0769,0.0769,0.2438,0.0
育児,0.0833,0.2642,0.5,0.0,1.0771,0.0,0.0833
腹,0.0345,0.0,4.263,0.0,0.0,0.0345,0.0345
自分,0.6062,0.9948,1.1993,1.1616,0.9948,0.7439,0.2718
自分勝手な,0.0,0.0,1.3125,1.8686,0.0,0.0,0.0
自動車,0.3529,0.1865,0.7603,0.1865,0.3529,0.1865,0.0
自宅,0.3,0.3,0.05,0.6462,0.05,0.4644,0.3
自己,0.0,0.2113,0.6192,1.6906,0.0667,0.0,0.0
自殺,1.8778,0.0,0.0,0.0,0.0,1.6473,0.0
自身,0.0312,0.6562,0.4039,0.7925,0.1875,0.5264,0.0991
自転車,0.3917,0.1395,1.6486,0.1395,0.1395,0.4884,0.216
臭,0.0,0.0,0.0,3.8074,0.0,0.0,0.0
臭い,0.0,0.0,0.0,4.5197,0.0385,0.0,0.0
良い,0.3818,0.3063,0.3818,0.1689,0.9945,0.629,0.3818
良かった,0.4286,0.0714,0.2264,0.0,0.9232,0.0,0.4286
良く,0.0417,1.0566,0.1321,0.0,0.387,0.387,0.5385
色々,0.0,0.2438,0.0,0.0,0.9942,0.0,1.2957
花,0.8617,0.0,0.4,0.0,0.0,0.6192,0.4
花子,1.2957,0.0,0.0,0.0,0.0,1.6154,0.0
芸能,0.1091,0.1091,0.0182,0.8074,0.0,3.29,0.0182
若い,0.5615,0.1057,0.4308,0.8453,0.1057,0.3096,0.2
荷物,0.0,0.0833,0.5,0.0833,1.0771,0.0833,0.0833
菓子,0.774,0.0,0.0,0.0833,0.0833,0.0833,1.0771
落ちた,1.8114,0.0714,0.2264,0.0714,0.0,0.2264,0.0
落ちて,0.9908,0.3529,0.1865,0.3529,0.0,0.3529,0.0
落とした,2.2498,0.1441,0.1441,0.0455,0.0455,0.2727,0.0
落として,1.9091,0.0909,0.2882,0.0909,0.0,0.0,0.0
葬式,3.1449,0.0,0.0,0.0,0.0,0.0909,0.0
薬,0.0,0.6803,0.1668,0.1668,0.1668,1.3347,0.0
薬物,0.0,0.0,0.0714,1.5,0.0,1.2032,0.0
虐待,1.2811,0.0115,1.9297,1.4919,0.0,0.0115,0.0115
行き,0.634,0.025,0.0792,0.15,0.4211,0.0792,1.9116
行く,0.2486,0.4038,0.1154,0.1154,0.4038,0.2486,1.9138
行った,0.4037,0.1175,0.0844,0.1531,0.2718,0.1175,3.8447
行ったら,0.2113,0.0667,0.0,0.6192,0.0667,1.1229,0.0667
行って,0.3438,0.0204,0.0647,0.0204,0.5175,0.1895,2.649
行動,0.1176,0.0622,1.1765,1.1765,0.7732,0.1176,0.0622
行為,0.0909,0.0,1.175,0.8443,0.0,0.0909,0.0
被害,0.6854,0.4552,0.6854,0.3493,0.1622,0.4552,0.027
裏切ら,0.4,0.0,1.1229,0.2113,0.4,0.0667,0.0
裏切り,0.0625,0.0,3.0935,0.0625,0.0,0.0625,0.0
見,0.7118,0.0755,0.0238,0.4011,0.0755,0.3077,1.6878
見た,0.7843,0.1875,0.3965,1.9134,0.0089,0.4419,0.7332
見つかった,0.0769,0.0769,0.0,0.0769,0.2438,0.9942,0.4615
見つけた,0.0667,0.0667,0.0,0.8617,0.0,0.4,0.8617
見て,0.5882,0.3416,0.2661,0.9985,0.6317,0.3416,1.2417
見る,0.108,0.0369,1.7282,0.9548,0.1503,0.108,1.1572
覚え,0.0,0.3529,1.4917,0.5463,0.1865,0.0,0.0
覚えた,0.0213,0.1277,1.9925,1.2766,0.275,0.0674,0.0
覚えて,0.1441,0.0455,0.2727,0.2727,0.5875,0.9545,0.0455
覚える,0.0,0.0227,2.2618,1.7378,0.1364,0.0,0.0
親,1.4413,0.7332,1.0492,0.4884,0.6827,0.0283,0.0283
親友,0.0,0.0,0.0961,0.0,4.3121,0.0303,0.0303
親戚,1.7644,0.1935,0.1935,0.1935,0.0323,0.4169,0.1023
親身に,0.0,0.0,0.0,0.0,3.7004,0.0,0.0
観,0.2882,0.0,0.0909,0.2882,0.0,0.2882,0.8443
観た,0.2438,0.0,0.0,0.0769,0.0769,0.2438,1.6154
解散,0.2882,0.0,0.0909,0.0,0.0,1.9091,0.0909
解決,0.0833,0.0833,0.0,0.0833,2.1133,0.0833,0.0
言い,0.1174,0.0,1.2813,0.344,0.1174,0.2222,0.6239
言う,0.1407,0.1958,1.8731,1.5079,0.1958,0.0909,0.0152
言った,0.0,0.0588,0.3529,0.7603,0.7603,0.3529,0.0
言って,0.375,0.0179,1.5687,0.6178,0.8839,0.2308,0.0
言わ,0.6202,0.5438,2.308,0.4331,0.5438,0.4331,0.0066
言動,0.0,0.0,1.4949,1.05,0.1585,0.1585,0.0
言葉,0.2486,0.061,0.8539,0.4038,1.6894,0.3239,0.0
計画,0.0,0.0526,0.0526,0.0,0.1668,0.0526,2.8788
診断,0.6,2.5099,0.0286,0.0,0.0906,0.2654,0.0286
詐欺,0.4644,0.1585,0.4644,0.4644,0.05,0.4644,0.05
評価,0.1981,0.0625,0.375,0.1981,0.8078,0.375,0.0
試合,0.0,0.0556,0.0556,0.0556,0.3333,0.9358,0.9358
試験,0.6155,2.3569,0.0,0.0,0.0,0.2857,0.0
話,0.1427,0.1095,0.4635,1.1527,1.4228,0.0508,1.2059
話し,0.1509,0.1509,0.2857,0.4423,0.6155,0.4423,0.0476
話した,0.2642,0.0,0.2642,0.0,1.0771,0.0,0.5
話して,0.4,0.0,0.0,0.8617,0.6192,0.0,0.4
認知,1.5735,1.3347,0.0,0.0526,0.0,0.0,0.0526
誕生日,0.387,0.0417,0.0,0.0,0.7018,1.0566,0.5385
誘拐,0.3715,0.24,1.1959,1.1959,0.0,0.0,0.0
説明,0.0435,0.1378,0.913,0.7324,0.913,0.0,0.0
誰,0.1057,0.3096,0.7,0.2,0.5615,0.4308,0.2
調子,0.4222,1.5725,0.1441,0.1441,0.1441,0.1441,0.0
警察,0.4286,0.2264,0.0714,0.2264,0.6634,0.0714,0.0714
負けた,2.3371,0.0,0.4888,0.0,0.0,0.3158,0.0
財布,1.7067,0.4457,0.3203,0.2069,0.0345,0.2069,0.0
責任,0.05,0.1585,0.8422,1.05,0.1585,0.1585,0.0
貯金,0.0667,2.9604,0.0,0.0,0.0667,0.0,0.0667
貰った,0.0,0.0,0.0769,0.0,1.9507,0.2438,0.2438
買い,0.7144,0.2438,0.0,0.0,0.0769,0.0769,0.9942
買い物,0.2552,0.048,0.3842,0.0909,0.1958,0.6728,2.2519
買う,0.4286,0.0714,0.0,0.4286,0.4286,0.0714,0.4286
買った,1.3953,0.0233,0.3917,0.1395,0.0737,0.216,1.0327
買って,2.18,0.0333,0.1057,0.0333,0.7,0.1057,0.0333
質問,0.0,0.0,0.9908,0.3529,0.9908,0.1865,0.0
購入,0.8649,0.4211,0.15,0.0792,0.4211,0.2322,0.7474
赤ちゃん,0.0556,0.0,0.0,0.1761,0.0556,1.1667,1.1667
走って,0.0,0.0714,0.6634,0.0714,0.0,1.5,0.0714
起きた,0.0,0.7144,0.7144,0.0,0.0,0.9942,0.0
趣味,0.0984,0.0,0.0164,0.0164,0.1523,0.0984,4.5336
足,0.75,0.2143,0.75,0.1132,0.2143,0.4616,0.0357
身体,0.2113,0.8617,0.0,0.6192,0.2113,0.0667,0.0667
身内,2.1879,0.0,0.24,0.0,0.6738,0.04,0.04
車,0.5995,0.4606,2.2325,0.4606,0.2675,0.5641,0.2982
転勤,0.5455,0.2882,0.2882,0.0,0.0,0.5455,0.0909
転職,0.1219,2.7265,0.0,0.1219,0.1219,0.1219,0.0385
辞めた,0.5455,0.2882,0.2882,0.0909,0.0,0.5455,0.0
込ま,0.0,0.0909,2.3054,0.0909,0.0909,0.0,0.0
込み,0.0961,0.0,2.4884,1.0483,0.0,0.0303,0.0303
込んで,0.0,0.0667,0.8617,0.4,0.6192,0.2113,0.0
近く,0.0435,0.1378,0.0,1.7145,0.0,0.5619,0.4038
近所,0.35,0.0528,0.5766,1.1815,0.4983,0.9116,0.0167
返事,0.2438,0.2438,0.4615,0.2438,0.4615,0.0769,0.0
迷惑,0.0,0.04,1.7762,1.5774,0.0,0.04,0.0
退職,1.3456,1.0483,0.0961,0.0303,0.0,0.6364,0.0303
途中,0.8443,0.2882,0.2882,0.0,0.0,0.5455,0.0
通り,0.2882,0.0,1.175,0.2882,0.2882,0.0,0.0
通勤,0.1981,0.5805,0.5805,0.375,0.0,0.1981,0.0625
連絡,0.1873,0.4333,0.7927,0.3675,1.7031,0.1346,0.1346
連続,0.2642,0.0,0.0833,0.0833,0.0,1.75,0.0833
逮捕,0.2019,0.0,0.1304,0.1304,0.0,3.9336,0.0217
週,0.0,0.0,0.0,0.2264,0.0,0.4286,2.1355
進んで,0.4615,0.4615,0.0,0.0,0.4615,0.2438,0.2438
遊び,0.25,0.0417,0.0417,0.0417,0.0,0.0417,2.9537
遊ぶ,0.0,0.0,0.0,0.0,0.0,0.0,4.9542
遊んだ,0.0,0.0,0.0,0.0,0.0,0.0,3.8074
遊んで,0.04,0.0,0.0,0.0,0.04,0.0,4.2182
運動,0.0,0.2642,0.0833,0.2642,0.0,0.0,1.75
運転,0.0288,0.3145,3.2349,0.7986,0.0545,0.2718,0.1531
過ごした,0.0909,0.0,0.2882,0.0,0.0909,0.0,1.9091
過ごす,0.0625,0.0625,0.0,0.0,0.0,0.0,3.4185
道,0.3203,0.1093,0.3203,1.7067,0.0,0.2069,0.2069
違う,0.3529,0.0,0.9908,0.7603,0.0588,0.0588,0.0588
違反,0.2882,0.0,0.8443,1.175,0.0,0.0,0.0
遭遇,0.0833,0.0833,0.0833,1.4037,0.0,0.5,0.0
選手,1.4641,0.0,0.0,0.0528,0.1548,2.5833,0.1
部下,0.0373,0.0706,2.0517,0.7059,1.6741,0.0373,0.0
部屋,0.0526,0.3158,0.4888,0.8865,0.0,0.3158,0.1668
酒,0.2,0.0333,0.2,0.4308,0.0,0.0333,2.363
野党,0.0,0.0,1.2353,0.5463,0.1865,0.3529,0.0588
野球,0.0,0.0,0.0,0.0,0.2882,0.5455,1.5313
量,0.2642,0.5,0.0833,0.2642,0.0,0.774,0.0
金,0.716,2.56,0.716,0.3561,0.4705,0.093,0.0072
金銭,0.0625,3.0935,0.0625,0.0625,0.0,0.0,0.0
金額,0.0625,0.375,0.375,0.0,0.0625,1.585,0.0
釣り,0.2642,0.0,0.0,0.0,0.0,0.0,2.8829
鍵,0.0769,1.9507,0.4615,0.0,0.0,0.0769,0.0
長年,1.05,0.05,0.05,0.0,0.8422,0.4644,0.05
間,0.1219,0.3572,0.1219,0.2308,1.5167,0.2308,0.0385
関係,0.1161,0.4929,0.4324,0.4324,2.9344,0.0125,0.0125
降って,1.175,0.0909,0.0909,0.0,0.0,0.8443,0.0
際,0.2814,0.2814,0.6364,0.2814,0.6364,0.5104,0.0303
障害,1.1527,1.1527,0.0455,0.2727,0.0455,0.0455,0.0
隣,0.2019,0.2019,0.3662,2.957,0.0217,0.0689,0.0217
隣人,0.0,0.0,0.5455,1.5313,0.0909,0.0909,0.0
離れて,0.0909,0.5455,0.0,0.0,1.5313,0.0909,0.0
離婚,1.7647,0.1765,0.3801,0.0932,0.0294,0.7459,0.0
雨,2.085,0.8793,0.1765,0.0294,0.0,0.1765,0.0294
雪,0.0556,0.3333,0.0,0.0,0.0556,1.661,0.516
電話,0.1429,0.0238,1.5571,0.3077,1.1785,0.1429,0.0238
電車,0.2491,0.4558,1.0302,2.9654,0.05,0.1077,0.05
非常に,0.5455,0.0,0.8443,0.0909,0.0,0.0909,0.2882
面白い,0.0,0.0,0.0833,0.0,0.0,0.0,3.2862
韓国,0.0857,0.2406,1.4217,1.2549,0.0453,0.9343,0.0143
音,0.0,0.0714,0.0714,1.8114,0.2264,0.2264,0.0
音楽,0.1761,0.0,0.0,0.0,0.0556,0.0556,3.0387
頃,1.8114,0.0,0.0,0.0714,0.6634,0.0714,0.0
順番,0.0,0.0,3.1449,0.0909,0.0,0.0,0.0
頑張って,0.2264,0.0,0.0714,0.0,2.471,0.0714,0.0
頭,0.387,0.1321,1.2457,0.5385,0.0,0.387,0.0
頼り,0.0435,0.0,0.0,0.0,3.8194,0.1378,0.0
頼んで,0.0,0.0,0.8443,0.0909,1.5313,0.0,0.0
額,0.0,1.175,0.0,0.0,0.0,1.5313,0.0
顔,0.1585,0.1585,0.3,1.268,0.1585,0.1585,0.05
願い,0.0,0.0,0.0,0.7144,1.9507,0.0,0.0769
顧客,0.0769,0.0,1.2957,0.2438,0.4615,0.0769,0.0
風呂,0.2264,0.2264,0.0714,1.2032,0.0714,0.0714,0.0714
風邪,0.4011,1.5571,0.1429,0.6038,0.2211,0.2211,0.0238
食べ,1.0101,0.0204,0.5175,0.706,0.0204,0.1224,1.0101
食べた,0.1585,0.0,0.0,0.05,0.0,0.05,3.27
食べて,0.5463,0.0,0.0588,0.7603,0.0,0.3529,0.5463
食べる,0.0714,0.0,0.0,0.6634,0.0714,0.4286,0.9232
食事,0.0145,0.087,0.0459,0.7173,0.087,0.0145,3.7031
飲み,0.12,0.0634,0.0634,0.2585,0.2585,0.0634,3.1
飲む,0.0,0.0833,0.0,0.0833,0.0,0.2642,2.1133
飼い,1.2457,0.25,0.0417,0.0,0.1321,0.1321,0.875
飼い犬,2.7179,0.0,0.0909,0.0,0.0,0.0,0.0909
飼って,4.0169,0.02,0.0634,0.0634,0.0634,0.12,0.0634
館,0.0556,0.0,0.0,0.718,0.0,0.3333,1.661
香港,0.4615,0.4615,0.0769,0.2438,0.0,0.7144,0.0
馬,0.0909,0.0,0.0909,0.0,0.5455,0.2882,0.8443
馬券,0.9232,0.0714,0.0,0.0,0.0714,1.2032,0.0714
駅,0.6738,0.04,0.6738,0.6738,0.1268,0.3715,0.0
駐車,0.4888,0.0,1.8208,0.1668,0.0526,0.1668,0.0
騒いで,0.0,0.0,0.8443,1.5313,0.0,0.0909,0.0
騒音,0.0,0.0588,2.6121,0.5463,0.0,0.0,0.0
騙さ,0.0,0.0,1.8114,0.9232,0.0714,0.0,0.0
驚いた,0.0097,0.0,0.0,0.0,0.0,6.6216,0.0
驚き,0.0242,0.0,0.0,0.0,0.0,6.9152,0.0
驚く,0.0,0.0,0.0,0.0,0.0,3.9069,0.0
高,0.0667,0.2113,0.4,0.0667,0.0667,1.4,0.0
高い,0.0909,0.2882,0.2882,0.2882,0.0909,0.2882,0.0909
高校,0.3317,0.3317,0.2143,0.3317,0.2143,0.9057,0.1132
高齢,0.2609,1.5041,0.0435,0.4038,0.4038,0.0435,0.0
髪,0.4615,0.0769,0.0769,0.7144,0.2438,0.2438,0.0
